Type,Region,Office,Title,Sector,Year,Phase,Status,Language,GEROSRating,UNSWAP,Id,Description,Abstract,WBSCode,ActivityWBS,SICCode,EmergencyMarker,GenderMarker,ExtendGenderFocus,DisabilityFocus,CoCreatedOrganizationsWithDisability,CoCreatedWithInstitutionsGlobalSouth,CoCreatedChildrenOrYouth,SubType,CostedEvaluationPlan,PlanGlobalEvaluation,ActivityCoManaged,AnticipatedBudgetAllPartners,AnticipatedBudgetUNICEF,OversightLevel,AdditionalEditors,Reviewer,ContactPerson,Approver,AnticipatedStartDate,AnticipatedEndDate,GEROSID,LastModifiedOn,LastModifiedBy,CreatedOn,CreatedBy,SummaryLanguage,ActualBudgetUNICEF,ActualBudgetAllPartners,ActualStartDate,ActualEndDate,MR,MRCreatedOn,OverallResponse,PlannedUse,ImplementerSection,MRContactPerson,MREditors,MRReviewer,MRApprover,HasNFR,CovidStatus,AlternativePlans,SDGs,StrategicGoals,AdditionalOffices,Author,Typologies,Approaches,Commissioners
Evaluation,SAR,India,UNICEF SBCC Cells Programme Evaluation 2017 to 2021,Social and Behaviour Change and Community Engagement for Immunization,2023,Management Response,Completed,English,Satisfactory,3,19842,"With the GAVI programme gradually drawing to a close, this UNICEF SBCC evaluation is intended to provide critical programmatic insights into what has worked, what has not worked and key learnings from the sample states included in the evaluation. Similarly, the findings of the evaluation are expected to support strengthening of SBCC cell functioning, and ongoing program initiatives aimed directly at maximizing utilization of public services. Based on the findings of the evaluation, UNICEF aims to advise the MoHFW and other public administrative bodies on the effectiveness and sustainability of institutionalizing SBCC Cells.",,2040/A0/07/100/104,2040/A0/07/100/104,31-02-01,No,No,,Children with disabilities and/or accessibility are not included,,,,Summative/Formative,No,No,No,,100000,,"Isha Chaudhary,Atishay Mathur,Maaike Bijker",Daniel Patrick Alonso Valckx,Atishay Mathur,Cynthia McCaffrey,05/01/2022,01/31/2023,205,10/29/2024,Isha Chaudhary,10/11/2023,Atishay Mathur,English,66365,,04/11/2022,01/31/2023,,12/18/2023,The programme team has accepted the final evaluation report and is now working on responding to the recommendations from this evaluation.,The purpose of the evaluation was to understand the SBCC Cells’ performance towards maximizing utilization of allocated resources and augmenting the results of the health systems strengthening initiatives and other cross sectoral themes of social and health determinants at the state and district level. The evaluation was intended to further provide critical programmatic insights into what has worked and what has not worked and why. The findings will further strengthen behavior change initiatives aimed directly at maximizing utilization of public services. This evaluation is intended to act as a guiding document for UNICEF to decide its future engagement and investment in the SBCC program.,"Alka Malhotra, Tamara Abu Sham",amathur@unicef.org,"Isha Chaudhary,Isha Chaudhary",Esther Kaggwa,Cynthia McCaffrey,No,,,SDG 03 - Good Health and Well-Being,Goal 1. Every child survives and thrives,,,,,
Evaluation,EAPR,"EAPRO, Thailand",Evaluation of Scaling up Anticipatory Action and Shock Responsive Social Protection  in ASEAN,,2024,Management Response,Completed,English,Satisfactory,1,20323,"Climate risks, including climate change and disasters, significantly threaten the achievement of SDGs in Southeast Asia, especially concerning poverty alleviation by 2030. Vulnerable communities face recurring shocks that jeopardize children's well-being, highlighting the urgent need for risk-informed social protection. Traditional short-term humanitarian approaches are insufficient, necessitating a shift towards coherent climate risk management to tackle the root causes of vulnerability.

This evaluation aims to assess the project ""Scaling up Anticipatory Action and Shock Responsive Social Protection"" from July 2022 to March 2024, focusing on its implementation in Indonesia and Cambodia. By examining its relevance, effectiveness, and sustainability, the evaluation seeks to identify challenges, successes, and lessons learned to enhance future programs. The findings will inform stakeholders, including UNICEF and national governments, to develop integrated strategies for disaster risk management and social protection, ultimately benefiting vulnerable populations in the region.","Background: The project ""Scaling up Anticipatory Action and Shock Responsive Social Protection to proactively manage the risks and impacts of climate shocks and disasters in ASEAN"" aimed to enhance disaster preparedness and resilience in Southeast Asia. Funded by ECHO and implemented by UNICEF, WFP, and the Finnish Red Cross, the project focused on integrating social protection systems with anticipatory action (AA) and disaster risk management (DRM) across ASEAN member states, particularly in Cambodia and Indonesia.

Purpose: The evaluation assesses the project's relevance, efficiency, effectiveness, coherence, and sustainability. It aims to identify successes, challenges, and lessons learned to inform future initiatives and enhance SRSP and AA programming in the region.

Methods: The evaluation employed a mixed-methods approach, including a comprehensive desk review, key informant interviews (KIIs), focus group discussions (FGDs), and an online survey. Data were collected from various stakeholders, including government officials, project partners, and regional bodies. Triangulation of data sources ensured the validity and reliability of findings.

Key Findings: The project was highly relevant, aligning well with regional and national priorities. It successfully enhanced stakeholder understanding of AA and DRM, although the ambitious scope and limited timeline posed challenges. Key achievements included the development of SRSP frameworks, capacity-building activities, and improved coordination among stakeholders. However, issues such as data management, inter-ministerial coordination, and initial stakeholder skepticism were noted.

Recommendations: Future projects should adopt a strategic, long-term planning approach, integrating SRSP and DRM more effectively. Longer project timelines and sustained funding are essential for achieving substantial impacts. Strengthening data management systems, enhancing inter-ministerial coordination, and continuous capacity-building",420R/A0/11/500/502,420R/A0/11/500/502/004,35-02-99,No,No,,Children with disabilities and/or accessibility are not included,,,,,No,No,No,,59900,,"Beijie Lai,Sinta Satriana","Beijie Lai,Sinta Satriana,Andrea Rossi",Jane Mwangi,Jane Mwangi,04/01/2024,10/31/2024,205,11/17/2025,Beijie Lai,08/16/2024,Beijie Lai,English,59900,,04/01/2024,06/30/2024,,11/26/2024,,,Jessica Owens,jmwangi@unicef.org,"Sinta Satriana,Beijie Lai,Selim Barkan,Saranya Tanvanaratskul",Jessica Owens,Jane Mwangi,No,,,,"Goal 5. Every child has an equitable chance in life,Goal 1. Every child survives and thrives",,SPRI Global,"Jointly managed with one or more UN agencies,Thematic (Country office-level thematic including cross-cutting themes),Regional level / multi-country",,
Evaluation,WCAR,Republic of Cameroon,Evaluation of KOICA supported project Addressing Child Deprivations Through Resilience in the Eastern Region of Cameroon,,2024,Management Response,Completed,French,Highly Satisfactory,7,20358,"L’objectif global de cette évaluation est de mener une analyse plus approfondie de l'efficacité des différentes composantes et stratégies du projet, ainsi que les enseignements tirés et des recommandations pour éclairer la mise en œuvre future du projet. Les conclusions, lecons apprises et recommandations de cette evaluation seront utilisees pour informer la mise en oeuvre de la future phase du projet.","Cette évaluation sommative et formative est réalisée dans le cadre du Projet KOICA-UNICEF (PKU, 2021-2024) dénommé « lutte contre les privations des enfants grâce à la résilience dans la region de l’est du Cameroun ». Avec un budget de USD 7,996,000, ce projet vise l'amélioration de l'accès aux services sociaux de base (éducation, protection de l'enfance, EHA) pour les personnes les plus vulnérables (réfugiés centrafricains, communautés d'accueil) dans les communes de Garoua Boulai, Mandjou, Bétaré-oya, Kentzou, Ouli et Ketté » dans la région de l’Est du Cameroun. Ce projet est mis en œuvre dans une approche multi-sectorielle afin de répondre aux privations multiples des enfants et accélérer l’atteinte des ODDs notamment les ODD 4.1, ODD 4.2, ODD 5.2, ODD 5.3, ODD 6.1, ODD 6.2, ODD 16.2 et ODD 16.9. Cette évaluation a été commanditée et réalisée grâce à l’appui technique et financier de l’UNICEF avec le soutien du Gouvernement du Cameroun à travers le Ministère de l’Economie, de la Planification et de l’Aménagement du Territoire (MINEPAT). La présente évaluation conduite d’octobre à décembre 2024 prévue dans le plan de suivi-évaluation du projet est entreprise afin de favoriser la redevabilité et l’apprentissage de sa mise en œuvre. Elle vise à apprécier les réalisations dudit projet, de tirer les leçons apprises et de formuler des recommandations utiles pour informer la prise de décisions stratégiques et opérationnelles afin d’améliorer la seconde phase du projet.",0690/A0/06/880/005,0690/A0/06/880/005/017,36-05-07,No,Yes,The results from the activity are  expected to make a significant contribution to advancing gender equality and / or the empowerment of girls and women,Children with disabilities are not the main focus (disability is mainstreamed),Don't know,Don't know,Don't know,Summative/Formative,No,No,No,,30000,,"Hermann Rodrigue Sterve Assoua,Odette Nsabimana,Serge Zanga","Serge Zanga,Juliette Haenni",Odette Nsabimana,Nadine Perrault,10/01/2024,12/31/2024,206,06/16/2025,Antonio Canaviri,09/25/2024,Odette Nsabimana,French,30000,,10/01/2024,11/30/2024,,01/30/2025,"Dans l'ensemble, l'évaluation du projet soutenu par la KOICA a été menée en appliquant efficacement les critères de l'OCDE/CAD pour la collecte et l'analyse des données probantes. Les conclusions sont globalement concordantes. Les recommandations sont raisonnables et fondées sur les données probantes présentées. Elles éclaireront l'élaboration et le déploiement du prochain cycle du projet KOICA.","Les principaux utilisateurs de l'évaluation seront l'UNICEF Cameroun, le gouvernement Camerounais, les autorités communales et régionales de la region de Bertoua, les agences des Nations Unies (OIM, UNHCR, PAM) ainsi que les communautés de Bertoua. Les conclusions et recommandations sont pertinentes et serviront au renforcement de la planification future et la mise en œuvre des interventions dans une approche multisectorielle intégrée où l'UNICEF pourrait intervenir pour soutenir le gouvernement pour répondre aux besoins des communautés. De plus, les données et évidences de l'évaluation serviront à la planification et à la programmation fondées sur des données probantes dans des domaines d'intervention multisectoriels similaires à ceux couverts par le projet KOICA-UNICEF et au-delà. Les résultats de l'évaluation sont en train d’être diffusés auprès des parties prenantes à travers le groupe de référence de cette évaluation ainsi le groupe WhatsApp des étudiants de l’Université de Bertoua ayant contribué à ce process. L’implication des jeunes étudiants sera essentiel en qu’acteurs et porteurs du changement social en faveur des droits des enfants au sein de leurs communautés.",Chief Field Office Bertoua,maaghamana@unicef.org,"Serge Zanga,Odette Nsabimana",Juliette Haenni,Nadine Perrault,No,,,"SDG 04 - Quality Education,SDG 16 - Peace, Justice and Strong Institutions,SDG 10 - Reduced Inequalities","Goal 2. Every child learns,Goal 3. Every child is protected from violence and exploitation,Goal 4. Every child lives in a safe and clean environment,Goal 1. Every child survives and thrives",,SEKE KOUASSI DE SYG,,,
Evaluation,WCAR,"WCARO, Senegal",Evaluation du Programme d’amélioration à l’accès à une éducation de qualité des enfants au Sahel,,2024,Management Response,Completed,French,Satisfactory,3,20383,"Le but de cette évaluation sera centré sur le soutien à la quête de responsabilisation et d'apprentissage de l'UNICEF et du NORAD pour les principales parties prenantes de l'intervention dans les trois pays. A ce titre, cette évaluation comporte donc un élément formatif et un élément sommatif :

•	Formatif (apprentissage) : il vise à générer des informations qui peuvent éclairer la conception et la mise en œuvre des futures initiatives de l'UNICEF visant à renforcer le système éducatif public pour la fourniture efficace de résultats éducatifs de qualité. L'évaluation vise à éclairer les futures stratégies de mise en œuvre et la théorie du changement du projet. Il vise à mettre en lumière les actions correctives potentielles et à identifier les bonnes pratiques et les stratégies efficaces à explorer davantage à l’avenir. L'évaluation vise également à fournir des conseils et des orientations sur les stratégies futures liées à l'éducation et aux questions multisectorielles telles que la protection de l'enfance, le mariage des enfants, la violence sexiste et les programmes axés sur les adolescentes ;

•	Sommatif (responsabilité) : il vise à tenir les agences d'exécution, les partenaires de développement et les détenteurs d'obligations responsables de la performance de l'intervention et des résultats obtenus en termes de renforcement des systèmes pour la fourniture efficace d'une éducation de qualité. L'évaluation vise à fournir des preuves solides au donateur, aux partenaires de développement concernés et aux groupes de population, y compris les garçons et les filles servis par l'UNICEF, sur la mesure dans laquelle l'intervention a atteint ses objectifs dans chacun des pays concernés. Cela inclut à la fois la responsabilité verticale envers le donateur et la responsabilité horizontale envers les populations desservies.","Après plusieurs années de mise en œuvre du Programme d’amélioration à l’accès à une éducation de qualité des enfants du Sahel au Burkina Faso, au Mali et au Niger, une évaluation indépendante a été menée en 2024 avec l’appui de l’UNICEF. Réalisée dans les trois pays mentionnés, elle vise à mesurer les résultats obtenus, identifier les enseignements tirés et formuler des recommandations pour orienter les futures interventions éducatives.
L’évaluation a eu deux principaux buts. Le premier est formatif (apprentissage) afin de générer des informations qui peuvent éclairer la conception et la mise en œuvre des futures initiatives visant à renforcer l’efficacité des systèmes éducatifs publics à produire des résultats de qualité. Le second est quant à lui sommatif (redevabilité) et vise à informer les bailleurs et la communauté des résultats obtenus en termes de renforcement des systèmes pour la fourniture efficace d'une éducation de qualité. 
Elle s’est appuyée sur six critères, incluant pertinence, efficacité, impact et durabilité, tout en intégrant une approche centrée sur l’équité, les droits humains et l’égalité des genres. Une méthodologie mixte a été adoptée, combinant analyses qualitatives et quantitatives. 
Les résultats de cette évaluation fourniront également des orientations précieuses pouvant permettre de consolider les acquis et renforcer l’impact des interventions en faveur de l’éducation et de la protection des enfants.",381R/A0/11/702/001,381R/A0/11/702/001/004,32-01-06,No,Yes,The results from the activity will advance gender equality and / or empower girls and women,Children with disabilities are not the main focus (disability is mainstreamed),Don't know,Yes,Don't know,Summative/Formative,No,No,No,,300000,,"Souraya Hassan,Moukaila Amadou,Odette Nsabimana,Sevara Hamzaeva,Armand Spero Koudoukpo",Moukaila Amadou,Souraya Hassan,Souraya Hassan,01/05/2024,11/01/2024,205,11/07/2025,Souraya Hassan,10/11/2024,Moukaila Amadou,French,210322,,02/13/2024,12/01/2024,,01/31/2025,,,,sohassan@unicef.org,Hiroaki Yagami,,,No,,,SDG 04 - Quality Education,Goal 2. Every child learns,,"Cowater International : SEKE KOUASSI DE SYG, Team Leader ; HERMANIA MAJOOR, JOHANNES FEDERKEIL, GABRIELE VITALE ALAMISSA SAWADOGO (Burkina Faso), YAYA BOUARE (Mali), TIDJANI DIARRA (Niger)",Regional level / multi-country,,
Evaluation,MENAR,Syria,Evaluation: L3 Earthquake Response - Syria report,,2024,Management Response,Completed,English,Satisfactory,7,20501,An evaluation of UNICEF's response to the L3 earthquake emergency in Syria,,4140/A0/06/880/009,4140/A0/06/880/009/020,36-05-04,L3,Yes,The results from the activity are expected to make a marginal contribution to advancing gender equality and / or the empowerment of girls and women,Children with disabilities are not the main focus (disability is mainstreamed),No,No,No,Summative/Formative,No,No,No,,100000,,Aya Elbizem,Myriam Van Parijs,Aya Elbizem,Yasumasa Kimura,01/02/2024,08/07/2024,205,11/10/2025,Aya Elbizem,01/20/2025,Antonio Canaviri,English,91600,,01/16/2024,10/31/2024,,01/24/2025,"The whole Country Management Team in Syria CO and essential staff from Gaziantep office were engaged throughout the evaluation process. Both offices were part of the reference group and received regular updated from EO on the evaluation. The EO followed a participatory approach to co-create the recommendations. However, as the report was drafted before the recent changes in Syria, some recommendations are not relevant anymore.","The evaluation is bringing essential findings to improve preparedness in future emergencies, while suggest some improvements in the areas of localisation, accountability, PSEA, and using youth as trust builders which are really timely considering the new settings in Syria.",Aya Elbizem,aelbizem@unicef.org,Anoop Singh Gurung,Myriam Van Parijs,Meritxell Relano,No,,,"SDG 02 - Zero Hunger,SDG 03 - Good Health and Well-Being,SDG 04 - Quality Education,SDG 05 - Gender Equality,SDG 06 - Clean Water and Sanitation,SDG 17 - Partnerships to achieve the Goalss","Goal 1. Every child survives and thrives,Goal 2. Every child learns,Goal 3. Every child is protected from violence and exploitation,Goal 4. Every child lives in a safe and clean environment,Goal 5. Every child has an equitable chance in life",,,"Thematic (Country office-level thematic including cross-cutting themes),Evaluation conducted in an Emergency / Humanitarian context L3",,
